{"val_loss": [0.4323904712200165, 0.41395345923900606], "val_acc": [0.8455, 0.8532], "loss": [0.5262187827587128, 0.3964928955237071], "acc": [0.8109166666348775, 0.8549833333651224]}