{"val_loss": [0.46903096132278443, 0.4202733950614929], "val_acc": [0.8286, 0.8491], "loss": [0.5261530627568562, 0.3919264940738678], "acc": [0.8103, 0.8577999999682109]}