{"val_loss": [0.4386479761600494, 0.4251197666227818], "val_acc": [0.8463, 0.8472], "loss": [0.46409728521505994, 0.3558217675526937], "acc": [0.8328166666984558, 0.8677499999682109]}