{"val_loss": [0.5027011930465698, 0.4781761517524719], "val_acc": [0.8224, 0.8302], "loss": [0.46106794147491453, 0.3595403880914052], "acc": [0.8337833333651224, 0.8681166666348775]}