{"val_loss": [0.6258924533367157, 0.585572090959549], "val_acc": [0.7628, 0.809], "loss": [0.8597908374468486, 0.7069613202730815], "acc": [0.6659333333651225, 0.7325]}