{"val_loss": [0.6506058916568757, 0.6623840294837952], "val_acc": [0.7513, 0.7655], "loss": [0.8665867456118266, 0.7536535039901734], "acc": [0.6672999999682109, 0.7091333333333333]}