{"val_loss": [0.5371597270011902, 0.44141954522132876], "val_acc": [0.8069, 0.8386], "loss": [0.663946996498108, 0.5191247614860535], "acc": [0.75395, 0.8084666666348775]}