{"val_loss": [0.48310306701660155, 0.4707831927061081], "val_acc": [0.8316, 0.829], "loss": [0.6720842374165853, 0.5389410844484965], "acc": [0.74845, 0.8017833333333333]}