{"val_loss": [1.513823974609375, 1.692111350250244], "val_acc": [0.744, 0.6811], "loss": [1.999590593846639, 1.5431853351593017], "acc": [0.7042999999682109, 0.7462666666348775]}