{"val_loss": [1.4921342697143554, 1.7018454200744628], "val_acc": [0.7446, 0.6993], "loss": [1.9821993887583416, 1.491648511060079], "acc": [0.7052333333015441, 0.7471333333333333]}