{"val_loss": [0.7003458318710327, 0.6907033149242401], "val_acc": [0.795, 0.7877], "loss": [0.8360551102002461, 0.6815915909767151], "acc": [0.7680666666984558, 0.7986000000317891]}