{"val_loss": [0.7269420921325683, 0.6679598132133484], "val_acc": [0.789, 0.7868], "loss": [0.8404489938100179, 0.7112483716964721], "acc": [0.7626000000317892, 0.79055]}