{"val_loss": [0.4452384033679962, 0.46582952847480774], "val_acc": [0.8451, 0.8331], "loss": [0.5343665421962738, 0.4025604803403219], "acc": [0.8060166666666667, 0.8527666666348775]}