{"val_loss": [0.4503494009017944, 0.4347880676269531], "val_acc": [0.8342, 0.8435], "loss": [0.5239244485537211, 0.40387282899220783], "acc": [0.8105333333015442, 0.8532166666666666]}