{"val_loss": [0.43628865237236025, 0.41021499514579773], "val_acc": [0.8438, 0.8553], "loss": [0.5260172004699707, 0.39840160446166994], "acc": [0.8103333333333333, 0.8559833333651224]}