{"val_loss": [0.4806128567695618, 0.4511743390083313], "val_acc": [0.8245, 0.8366], "loss": [0.5377032870133718, 0.4052184739748637], "acc": [0.8041500000317892, 0.8535000000317892]}